zipcode,boro,score,cd,african,american,asian,bakery,comfort food,european,health,indian,latin,middle-east,other,seafood
10000,MANHATTAN,16.66667,european,0,16.38888889,0,0,0,15.5,0,0,0,0,0,0
10001,MANHATTAN,19.39453,american,19.57377049,18.44830217,20.90681502,14.93913043,16.95474138,19.09551375,16.29591837,19.93103448,17.91,29.65753425,11.11111111,16.72727273
10002,MANHATTAN,21.68933,asian,6,18.47512577,24.47112241,18.46540881,20.53118712,16.46572935,21.42465753,21.16216216,17.05284553,16.38709677,17.30769231,21.93442623
10003,MANHATTAN,19.4745,american,9.833333333,17.44701493,21.00930593,15.5274463,18.99817185,18.45084746,17.50528169,19.9437751,18.26744186,17.75252525,3.524590164,17.61904762
10004,MANHATTAN,17.87486,american,0,18.60421286,21.67878788,13.38636364,12.32173913,16.01515152,12.5,17.69230769,18.16935484,0,0,10
10005,MANHATTAN,19.40941,american,0,18.13975904,17.88888889,18.95035461,15.36666667,21.93333333,14.63934426,0,13.03703704,0,0,0
10006,MANHATTAN,21.64368,american,0,19.92764858,25.25925926,12.21052632,11.54545455,20.10526316,0,35.30612245,7.666666667,0,6.333333333,0
10007,MANHATTAN,18.90909,american,0,18.37359263,14.19811321,14.21232877,20.44715447,17.92592593,15.7260274,21.46753247,19.86259542,24.06666667,0.666666667,0
10009,MANHATTAN,19.62784,american,17.64705882,18.84605987,19.01928783,16.09975669,20.11111111,17.50756303,16.25609756,30.02631579,19.28700361,13.96,11.13333333,9.833333333
10010,MANHATTAN,18.30316,american,0,17.73751601,17.33031674,13.91825613,18.92041522,18.84117647,18.11627907,16.41666667,17.04014599,18.08333333,8.741935484,21.3
10011,MANHATTAN,19.32108,american,30.25,18.30341686,22.31261426,15.5456821,19.43412527,17.38428418,14.33714286,21.45714286,17.77192982,17.96551724,6.428571429,16.0212766
10012,MANHATTAN,18.98928,american,16.95384615,17.23355263,18.80378251,16.94269341,17.24074074,19.18043304,19.31686047,18.92028986,16.21298701,17.2,16.84615385,21.16666667
10013,MANHATTAN,22.10311,asian,0,18.02340426,24.88188693,21.45163807,18.89915966,19.0997249,19.39834025,24.65454545,18.28240741,8.375,13.06122449,20.65306122
10014,MANHATTAN,18.30218,american,20.91428571,17.10785398,18.18913858,15.84798808,17.40636042,17.85801394,12.27810651,10.42857143,20.5819209,19.69230769,10.3452381,15.48181818
10016,MANHATTAN,20.66246,american,0,18.54755487,23.05448029,15.54372624,22.29925651,19.842871,17.03030303,21.47073791,18.69350649,16.59663866,9.03030303,14.5
10017,MANHATTAN,20.04917,american,0,20.11600832,23.15144766,12.32051282,17.05128205,17.28169014,25.2761194,17.06382979,14.97115385,19.85714286,2.892857143,12.76923077
10018,MANHATTAN,19.25193,american,16.48275862,18.1811289,21.23717949,17.22898032,16.54929577,16.30242826,10.86734694,25.00645161,20.44193548,20.8115942,15.80851064,8.5
10019,MANHATTAN,18.86233,american,0,17.51827742,19.44518519,15.21617162,17.65329053,19.75826312,12.04697987,22.85714286,16.98947368,20.36065574,16.12605042,15.53571429
10020,MANHATTAN,14.50857,american,0,14.57491289,9.9375,10.95,0,11.86206897,13,0,0,0,0,14.88888889
10021,MANHATTAN,19.28217,american,0,17.25226586,22.14285714,19.75443787,18.01898734,15.89642185,21.35042735,22.8,16,16.6969697,6.5,0
10022,MANHATTAN,18.66622,american,0,17.70869253,20.72212066,15.5077951,16.8556338,16.64662447,13.66,18.45901639,17.72864322,18.64864865,11.76785714,19.325
10023,MANHATTAN,18.11326,american,0,16.65780731,21.26377953,18.47440945,16.48051948,15.69892473,16.96969697,27.36111111,12.78787879,17.75,9.043478261,0
10024,MANHATTAN,20.09209,american,0,19.06445116,20.77955912,15.71096346,23.12376238,17.09952607,18.66981132,27.4122807,16.20408163,0,14.83333333,12.28571429
10025,MANHATTAN,20.39442,american,14.18181818,18.1010453,21.59037711,15.61868687,19.51276102,20.29042904,9.181818182,21.26356589,21.14376321,20.14634146,5.315789474,34.07142857
10026,MANHATTAN,19.22479,american,16.12605042,18.56947162,15.95454545,16.70860927,14.97560976,16,11.88,24.31884058,18.70068027,0,0,21.57142857
10027,MANHATTAN,20.52508,american,24.60909091,18.95012165,20.43575419,13.63333333,19.47286822,18.58695652,36.16326531,19.140625,18.36714976,8.090909091,0,19.68181818
10028,MANHATTAN,18.50073,american,0,17.61780105,19.57556936,13.73109244,16.64444444,17.63893511,10.57692308,20.61538462,19.1056338,21.5,0,10.75
10029,MANHATTAN,20.95889,latin,27.92,19.21860465,19.18697479,17.74100719,19.43533123,18.43624161,18.62162162,23.55,21.71933962,8.125,14.45,29.35714286
10030,MANHATTAN,19.6846,american,13.52380952,16.98550725,15.59459459,16.25806452,9.6,18.13333333,28.37837838,0,22.10958904,10.81818182,0,13.31818182
10031,MANHATTAN,21.08635,american,19.28571429,18.20616114,21.34926471,19.74782609,19.115,19.75,13.52083333,15.62162162,22.17460317,16.24,8.444444444,34.09090909
10032,MANHATTAN,22.53711,latin,0,19.47398844,20.44954128,14.12429379,16.20958084,6.5,0,57.77272727,22.34722222,0,16.41935484,44.11650485
10033,MANHATTAN,20.80758,latin,0,17.95384615,18.9057377,13.98773006,17.47183099,15.06666667,22.22093023,0,23.74024024,5,0,16.84444444
10034,MANHATTAN,21.81982,latin,0,19.75675676,18.33333333,15.90265487,20.83636364,21.95454545,27.57471264,0,20.99389499,0,0,22.10526316
10035,MANHATTAN,20.89607,american,11.625,17.09210526,22.83225806,17.72,20.67171717,13.51851852,8.125,20.77777778,23.1056701,0,0,0
10036,MANHATTAN,19.66543,american,15.20338983,18.3750621,20.72249752,14.81504702,18.97302158,20.15754717,14.4950495,17.14285714,21.36,22.16666667,8.435897436,16.31481481
10037,MANHATTAN,20.65358,american,28.85185185,18.8089172,15.51020408,9.68,24.28571429,8.428571429,46.25,0,19.93333333,0,0,17.875
10038,MANHATTAN,18.70521,american,0,19.09140768,21.47596154,14.32727273,13.71875,15.25830258,11.58536585,15.55555556,21.20930233,0,7.84,21.84782609
10039,MANHATTAN,19.16825,american,11.8,17.5037037,13.56716418,16.72222222,19.55223881,0,7.818181818,24.22641509,20.0125,0,11.375,9.444444444
10040,MANHATTAN,20.84609,latin,0,15.87826087,16.62162162,19.33121019,18.35,0,21.19512195,21.66666667,21.40455342,0,0,31.37037037
10041,MANHATTAN,14.07692,american,0,13.07142857,0,0,0,0,0,0,0,0,0,0
10044,MANHATTAN,16.52747,american,0,9.868421053,12.42857143,24.28947368,10.81818182,0,0,0,0,0,0,0
10048,MANHATTAN,6.5,asian,0,8.75,2,0,0,0,0,0,0,0,0,0
10055,MANHATTAN,9,american,0,9,0,0,0,0,0,0,0,0,0,0
10065,MANHATTAN,18.7133,american,21.24137931,17.54356846,20.27170868,16.81714286,18.45801527,16.58429561,14.15384615,29.52747253,15,14.86956522,15.41666667,11.3
10069,MANHATTAN,11.15385,bakery,0,0,11,11.28571429,0,0,0,0,0,0,0,0
10075,MANHATTAN,18.27572,american,0,17.38718663,19.675,15.2247191,18.61956522,20.03389831,10.17647059,0,15.6,8.8,0,0
10080,MANHATTAN,10.75,bakery,0,0,0,10.75,0,0,0,0,0,0,0,0
10103,MANHATTAN,12.44186,bakery,0,12.75,0,8.470588235,0,0,0,0,11.33333333,0,0,0
10105,MANHATTAN,8.04,american,0,7.733333333,0,7.083333333,0,0,0,0,0,0,0,0
10106,MANHATTAN,8.466667,american,0,9.090909091,0,0,0,6.75,0,0,0,0,0,0
10107,MANHATTAN,7.666667,bakery,0,0,0,7.666666667,0,0,0,0,0,0,0,0
10110,MANHATTAN,7.666667,health,0,0,0,0,0,0,7.666666667,0,0,0,0,0
10111,MANHATTAN,20.47107,american,0,19.20408163,0,12.93548387,0,15.5,27.61290323,0,0,0,0,0
10112,MANHATTAN,16.01429,american,0,17.37113402,9.125,11.33333333,0,11.15789474,11.33333333,0,0,0,0,0
10115,MANHATTAN,13.57143,american,0,13.57142857,0,0,0,0,0,0,0,0,0,0
10118,MANHATTAN,12.87324,health,0,12.57692308,8.8,6.4,0,0,6,0,18.61904762,0,8.666666667,0
10119,MANHATTAN,15.69498,american,0,10.21428571,24.16,12.07692308,5.75,22.30645161,9.833333333,0,9.735294118,0,9,0
10121,MANHATTAN,11.3468,american,0,8.279742765,23.61290323,19.18699187,4.773333333,11.8125,10.96875,0,10.71428571,0,0.5,4.6
10123,MANHATTAN,11.3,american,0,11.3,0,0,0,0,0,0,0,0,0,0
10128,MANHATTAN,19.78646,american,18.5,19.01754386,20.70642202,18.42028986,19.94347826,17.34313725,16.53846154,17.71428571,19.22033898,0,12.1,9.923076923
10153,MANHATTAN,16.25,bakery,0,17.66666667,0,12,0,0,0,0,0,0,0,0
10154,MANHATTAN,8.478261,american,0,8.333333333,0,5,0,10,0,0,0,0,0,0
10155,MANHATTAN,7,american,0,7,0,0,0,0,0,0,0,0,0,0
10158,MANHATTAN,9.333333,bakery,0,0,5,7.2,0,0,0,0,0,0,0,0
10165,MANHATTAN,26.13636,bakery,0,29.88235294,0,9.571428571,0,0,0,0,0,0,0,0
10167,MANHATTAN,11.32143,american,0,10.93103448,0,0,0,0,0,0,0,0,0,0
10168,MANHATTAN,35.58824,american,0,44.46153846,0,0,0,0,6.75,0,0,0,0,0
10169,MANHATTAN,12.22549,american,0,12.83673469,9.840909091,11.75,10.54545455,10.7,13.44444444,13,8.375,6.4,0,16.73333333
10170,MANHATTAN,11.61538,american,0,10.06666667,0,0,0,0,0,0,0,0,0,0
10171,MANHATTAN,9,american,0,8.181818182,0,0,0,0,0,0,0,0,0,0
10172,MANHATTAN,6,health,0,0,0,0,0,0,6,0,0,0,0,0
10173,MANHATTAN,17.22222,bakery,0,0,0,15.5,0,0,0,0,0,0,0,0
10174,MANHATTAN,10,american,0,10,0,0,0,0,0,0,0,0,0,0
10176,MANHATTAN,14.33333,latin,0,0,0,0,0,0,0,0,9.923076923,0,0,0
10177,MANHATTAN,5.666667,american,0,5.666666667,0,0,0,0,0,0,0,0,0,0
10178,MANHATTAN,11.51613,american,0,11.95833333,0,0,0,10,0,0,0,0,0,0
10179,MANHATTAN,7.125,american,0,7.125,0,0,0,0,0,0,0,0,0,0
10271,MANHATTAN,13.97561,american,0,14.75,0,7,0,0,0,0,0,0,0,0
10279,MANHATTAN,12.88889,bakery,0,14.54166667,0,9,0,0,8.714285714,0,0,0,0,0
10280,MANHATTAN,15.74448,american,0,14.87943262,20.48387097,16.1875,13.8627451,16,11.22222222,0,10.42857143,0,0,0
10281,MANHATTAN,17.47482,american,0,12.85714286,0,8,16.23076923,33.46666667,0,0,0,0,0,0
10282,MANHATTAN,15.12563,american,0,13.08130081,18.25,11.25,10.18181818,15.82758621,0,0,9.428571429,0,0,0
10285,Missing,5.2,american,0,5.2,0,0,0,0,0,0,0,0,0,0
10301,STATEN ISLAND,21.17734,american,12.33333333,20.69347496,19.94705882,14.56666667,20.46464646,19.92307692,25.76811594,19.67857143,19.83539095,7,0,0
10302,STATEN ISLAND,20.74798,american,0,18.608,23.76494024,18.64130435,22.30357143,15.18518519,7,0,16.60747664,0,3.6,0
10303,STATEN ISLAND,18.26234,comfort food,0,16.42424242,18.41818182,12.66666667,15.8952381,14.57692308,0,12.63157895,20.72941176,0,0,0
10304,STATEN ISLAND,22.36677,american,0,20.02392344,20.625,14.13636364,26.40298507,16.2,0,8,18.97368421,0,1.714285714,0
10305,STATEN ISLAND,19.39155,european,0,17.05182927,19.83982684,17.63636364,17.77011494,19.4076087,0,26.77777778,18.31460674,17.04761905,0,22.61538462
10306,STATEN ISLAND,19.89152,american,0,16.8925,21.32038835,19.39156627,18.64575646,17.87292818,23.58333333,0,22.88275862,12.9,1.833333333,0
10307,STATEN ISLAND,15.033,american,0,12.28421053,17.15217391,7.384615385,15.4673913,12.08163265,12,0,17.12,0,0,0
10308,STATEN ISLAND,17.78209,american,0,15.41304348,16.76666667,10.97435897,19.92771084,17.86131387,18.8,0,17.92727273,0,0,20.375
10309,STATEN ISLAND,18.09368,american,0,19.59567901,16.8125,10.61864407,17.43478261,18.30769231,12.30769231,0,18.96875,0,12.85,21.41176471
10310,STATEN ISLAND,20.63816,american,0,20.58803987,18.76699029,16.45323741,24.2371134,20.53731343,0,14,20.28,0,9.909090909,0
10312,STATEN ISLAND,18.98996,american,0,16.13247863,18.31174089,16.68944099,18.11059908,21.43076923,22.16666667,0,0,5.5,14.54545455,0
10314,STATEN ISLAND,19.28348,american,0,18.53718091,20.0625,14.76282051,20.17268041,20.34131737,17.34482759,28.57894737,15.12,18.10447761,4.263157895,0
10451,BRONX,19.60244,american,25.88461538,16.08132147,25.33609959,18.56140351,16.97247706,28.29787234,2,0,19.6572327,10,0,20.56338028
10452,BRONX,20.13241,latin,0,18.52750809,18.88085106,14.81927711,19.14718615,29.96666667,21.06896552,0,19.02639752,0,18.88235294,19.8
10453,BRONX,19.13221,latin,18.69354839,13.58196721,18.14334471,20.69421488,18.86111111,0,9.416666667,0,20.05589124,0,0,15.42857143
10454,BRONX,21.52726,latin,0,19.38022814,15.10144928,16.72307692,17.86915888,0,0,0,23.3484375,0,13.63636364,0
10455,BRONX,19.31429,latin,0,18.51984127,15.11038961,13.56521739,19.91509434,12,23.53030303,0,19.57301587,0,7.541666667,8
10456,BRONX,17.66312,latin,17.40217391,14.50898204,15.39647577,18.54166667,14.59302326,0,11.6875,20.1,19.66288952,0,0,9.954545455
10457,BRONX,18.38616,latin,24.11392405,14.98846154,15.62913907,15,14.50724638,0,9.789473684,0,20.5840708,0,17.56097561,7.285714286
10458,BRONX,19.99176,american,17.75862069,17.46434494,17.28938907,18.81034483,17.67785235,20.91928251,16.42424242,0,21.66043165,0,0,0
10459,BRONX,20.89228,latin,0,17.75357143,14.78125,13.04032258,19.08530806,0,22.65,0,27.03571429,0,0,0
10460,BRONX,17.16776,american,40.45454545,13.37104072,17.04651163,11.5942029,15.04477612,0,14.72727273,0,20.02666667,0,5.333333333,0
10461,BRONX,18.59474,american,0,18.22144112,16.70441989,17.85958904,16.60869565,18.71748879,18.64705882,0,20.02845528,0,8.64,0
10462,BRONX,17.63585,american,0,17.23506744,15.9379845,16.31620553,14.26262626,21.09589041,12,24.77477477,18.09489051,16.5,0,15.95744681
10463,BRONX,19.29179,american,0,19.26353276,14.46046512,15.45637584,18.50276243,14.36231884,8.111111111,13,21.44554455,0,0,23.46153846
10464,BRONX,17.68313,american,0,16.06547619,16.52941176,15.86206897,30.74074074,18,0,0,9.5,0,0,16.69375
10465,BRONX,16.25541,american,0,16.65333333,15.71538462,10.78125,15.075,11.08108108,12.63636364,0,17.47058824,0,4.846153846,0
10466,BRONX,17.74553,latin,19.85714286,16.17748918,16.59605911,8.775,16.15923567,0,18.35714286,0,18.68189509,0,0,0
10467,BRONX,20.10753,latin,30.26923077,16.4,17.27925532,15.88202247,16.83088235,0,18.63636364,21.96,21.98479913,0,0,0
10468,BRONX,19.49048,american,28.625,17.82142857,17.17874396,15.55348837,17.47311828,13.57894737,6.857142857,0,22.16770186,0,26.66666667,0
10469,BRONX,19.91786,latin,27.4375,16.37890625,17.92993631,16.0625,17.27615063,27.11538462,0,0,20.75136116,10,0,0
10470,BRONX,17.2559,european,0,14.38636364,19.56756757,10.5862069,15.71621622,15.69736842,19.70454545,9.5,19.69285714,0,0,0
10471,BRONX,17.76923,american,0,17.41768293,16.46236559,11.38461538,17.61111111,17,0,0,16.60294118,0,0,0
10472,BRONX,17.90526,latin,22.37209302,16.46315789,14.96666667,15.28994083,14.62331839,0,11.04347826,14.5,18.5664557,0,32.03030303,0
10473,BRONX,16.47514,american,0,13.01886792,18.125,12.76923077,18.73076923,0,0,0,16.22222222,0,0,8.166666667
10474,BRONX,20.24709,latin,0,17.23809524,33.39534884,11.93103448,16.5483871,0,0,0,20.09289617,0,13.84615385,0
10475,BRONX,19.33021,american,0,18.33898305,21.68589744,13.88421053,18.98039216,26.25925926,11.33333333,0,16.77027027,0,0,17.38888889
11001,QUEENS,20.71053,comfort food,0,21.35294118,0,0,19.27272727,0,0,0,0,0,0,0
11004,QUEENS,14.34694,indian,0,11.22916667,14.42857143,13.44827586,9.930232558,25.09090909,10.44444444,14.77570093,9.2,14.65517241,0,0
11005,QUEENS,24.25862,american,0,12.1875,0,0,0,25.25,0,0,0,0,0,0
11040,QUEENS,20.58423,american,0,18.07142857,23.46153846,0,15.75,15.34482759,0,21.88888889,17.875,40,0,0
11101,QUEENS,18.94736,american,14.41666667,17.98066595,18.49807692,15.07692308,16.97196262,17.75065617,13.82352941,27.5625,19.25766017,12.35,21.72,16.71428571
11102,QUEENS,18.01285,american,0,16.90168539,14.9,20.44623656,17.0994152,13.26708075,10.29411765,20.06896552,16.70588235,20.30188679,4.153846154,7.375
11103,QUEENS,18.97291,american,14.42622951,16.12674095,19.71563981,19.55916031,17.34188034,16.99405941,17.64197531,20.325,19.65411765,15.37016575,14.38596491,17.33333333
11104,QUEENS,19.13532,american,0,16.77293578,22.15457413,12.77477477,17.6407767,18.03535354,20.55,13.66666667,18.51713396,21.13207547,6.6,0
11105,QUEENS,17.73138,american,0,17.37090909,19.08010336,14.65346535,16.87113402,14.59763314,14.35714286,14.90909091,17.92857143,21.88405797,7.457142857,14.47826087
11106,QUEENS,17.58466,american,0,14.74348697,16.32619048,17.45673077,17.13076923,16.32957111,10.75,21.01694915,18.5932914,9.714285714,4.777777778,0
11109,QUEENS,18.58974,latin,0,11.27272727,17.28571429,17.23076923,0,22.17647059,0,0,18.36170213,0,0,0
11201,BROOKLYN,18.71231,american,15.32307692,15.71379704,20.22184589,15.73160173,15.59482759,19.93163752,14.97826087,32.80392157,18.13824885,19.29323308,11.79310345,15.61818182
11203,BROOKLYN,21.14125,latin,32.24074074,14.77358491,18.66371681,13.7,15.13953488,0,22.03030303,0,21.52561404,0,0,20.43636364
11204,BROOKLYN,20.01228,asian,0,16.03778338,21.50580645,19.46651786,17.20465116,17.7202381,5.222222222,0,19.22018349,0,9.052631579,0
11205,BROOKLYN,19.44621,american,0,18.53146853,19.07159353,16.36206897,16.90977444,17.00833333,15.52380952,20.61363636,18.0155902,17.14814815,21.83333333,24.42307692
11206,BROOKLYN,19.1889,american,0,19.30662558,15.74324324,16.38360656,18.21212121,12.8,25.54464286,15.65517241,18.33459357,14.96969697,13.07692308,0
11207,BROOKLYN,19.69454,latin,26.23076923,17.43444227,17.5171504,16.03571429,16.50431034,7.25,12,22.29411765,20.91071429,0,4.714285714,0
11208,BROOKLYN,20.6663,latin,0,21.00536193,15.61504425,16.54216867,21.31400966,20.25,0,27.72631579,20.03461538,22.1,0,0
11209,BROOKLYN,19.60727,american,24.53846154,17.38537387,18.53353659,15.49545455,20.22265625,20.08091286,20.82,25.73015873,18.48163265,19.32467532,7.454545455,20.625
11210,BROOKLYN,21.70564,latin,0,24.61714286,15.5147929,11.56097561,13.5483871,0,14.33333333,15.18181818,23.86585366,0,0,0
11211,BROOKLYN,18.37054,american,0,16.86265432,19.74963397,14.99505766,15.99685535,15.68035191,17.10416667,21.33628319,19.08499336,13.77464789,5.741935484,14.85714286
11212,BROOKLYN,20.0365,latin,0,16.38392857,14.77894737,14.79452055,16.60180995,0,22.14285714,0,23.00392157,0,0,15.22222222
11213,BROOKLYN,22.8911,american,34.94117647,22.06122449,19.65695793,18.20261438,14.53571429,7,71.53846154,28.65625,21.54520918,0,15,30.93103448
11214,BROOKLYN,21.79299,asian,0,18.75971731,23.38814397,18.24019608,16.77022654,15.18402778,16.25,32.22222222,20.48928571,25.62204724,0,41
11215,BROOKLYN,18.84931,american,14.75,14.79154303,19.24548736,13.94126506,18.42237443,20.07680251,14.67142857,16.90909091,22.05369128,20.73684211,9.733333333,27.37735849
11216,BROOKLYN,19.75858,american,21.10891089,18.81818182,17.10322581,20.92901235,18.07114625,10.11764706,15.95652174,17.9,18.96987952,9,2,0
11217,BROOKLYN,18.36231,american,10.52631579,17.03311258,17.5108055,17.19469027,16.22982885,17.33716475,21.34868421,21.62666667,16.64118896,20.4057971,5.214285714,21.18518519
11218,BROOKLYN,21.45548,american,0,20.37990762,19.67613636,14.90184049,15.18333333,21.72093023,0,24.6187291,21.66666667,20.73106061,0,0
11219,BROOKLYN,20.48907,asian,0,19.30890052,21.57315234,14.38823529,12.55072464,12.81012658,13,17.8,20.14722222,0,7.260869565,10.27272727
11220,BROOKLYN,21.63167,asian,8,18.34963768,21.4960733,19.83075335,18.78988327,16.67826087,18.52830189,17.83333333,22.40642722,18.73417722,10.25806452,23.6
11221,BROOKLYN,20.47425,latin,8.909090909,18.02439024,14.77394636,17.47636364,22.08920188,17.68316832,12.30434783,31.46153846,21.05075188,22.71428571,9.05,0
11222,BROOKLYN,19.60661,american,0,18.60623782,21.33541667,16.21266968,19.14876033,18.09107468,11.18333333,11.875,16.56962025,15.28571429,53.95652174,13.28571429
11223,BROOKLYN,18.64739,american,0,17.71313364,17.64805825,12.84415584,18.95714286,18.72335601,15.39622642,0,21.46370968,15.36,0,16
11224,BROOKLYN,19.21657,american,0,15.65617978,24.69892473,15.94565217,15.58115183,21,59.61290323,0,13.35,0,4.714285714,0
11225,BROOKLYN,21.11576,american,0,18.63405088,17.28645833,22.45804196,17.10483871,38.1375,12.4,18.43478261,20.12807018,0,0,9.333333333
11226,BROOKLYN,22.63857,latin,15.08333333,18.67093236,21.24813433,16.59670782,17.13584906,0,21.11214953,20.05454545,23.48281991,8.25,26.4375,0
11228,BROOKLYN,20.07711,american,0,16.89787234,20.26153846,15.70422535,21.49751244,20.48275862,15.72972973,0,23,12.375,0,0
11229,BROOKLYN,19.84523,asian,0,18.47088608,19.32330827,17.24390244,18.24585635,20.93296089,15.22,0,24.87704918,16.91176471,0.285714286,0
11230,BROOKLYN,21.14371,american,0,20,16.49180328,20.3919598,21.27380952,13,10.33333333,23.328125,16.34782609,22.81382979,4.4,0
11231,BROOKLYN,18.72406,american,0,18.79597701,18.657277,14.29777778,18.47533632,15.80519481,11.09090909,0,17.46315789,10.71428571,11.91666667,22.33846154
11232,BROOKLYN,21.77908,latin,0,17.39460784,19.3492823,20.42352941,24.51824818,18.5,35,12.5,23.05363985,11.76923077,0,19.875
11233,BROOKLYN,18.95211,american,11.28571429,19.05357143,14.3559322,13.65,22.04761905,13.52830189,14.43333333,14.25641026,21.52654867,0,11.28571429,0
11234,BROOKLYN,18.00161,american,0,16.42279942,18.76814988,16.26332288,14.85026738,18.98148148,0,20.30434783,17.1849711,0,11.57142857,16.6875
11235,BROOKLYN,19.24278,european,0,16.11909263,21.05232558,15.83974359,21.43534483,18.32597403,11.375,10,16.125,15.91025641,3.714285714,15.21428571
11236,BROOKLYN,20.22378,latin,11.84210526,17.97408207,15.69009585,8.271186441,18.59825328,12.69230769,2,0,22.00498753,0,4.875,0
11237,BROOKLYN,21.95568,latin,19.27272727,17.9162844,18.8277027,23.38361266,16.36986301,15.81730769,22.88636364,25.16049383,22.70782209,16.98387097,15.19565217,0
11238,BROOKLYN,19.14658,american,33.96521739,16.72846596,19.05671078,16.98478261,19.43127962,18.18596491,17.66666667,19.37837838,16.14084507,15.10714286,3,14.75
11239,BROOKLYN,19.00787,american,0,20.55172414,19.64285714,13.94285714,15.92307692,15.03703704,0,0,7.4,0,0,24
11241,BROOKLYN,11.8,bakery,0,0,0,11.8,0,0,0,0,0,0,0,0
11242,BROOKLYN,14.71429,american,0,14.71428571,0,0,0,0,0,0,0,0,0,0
11249,BROOKLYN,18.66151,american,12,18.16921606,20.3024911,14.3171521,16.1754386,17.25786164,10.2826087,0,19.84931507,23.91304348,7.142857143,16.28947368
11354,QUEENS,21.65043,asian,0,17.97735849,21.85119932,18.69270833,14.32450331,10.85714286,15.41666667,0,19.46808511,0,4.803571429,20.13043478
11355,QUEENS,20.95178,asian,0,17.87557604,21.23549618,19.42117647,11.42735043,10.375,11.71428571,13.97560976,18.27272727,10.46153846,12.725,21.3125
11356,QUEENS,19.5304,asian,0,18.95081967,22.01382488,9.282051282,15.35,17.29032258,9,0,17.66393443,0,0,0
11357,QUEENS,15.32807,european,0,16.59913793,16.60795455,11.92913386,13.79775281,14.36121673,14.21428571,0,7.923076923,0,0,0
11358,QUEENS,19.24131,asian,0,14.56118143,19.44956998,16.30493274,18.66428571,17.36641221,10.5,21.93548387,18.98507463,9.166666667,5.476190476,0
11360,QUEENS,17.32143,american,0,15.99375,11.89473684,10.5,11.375,28.68,0,0,0,0,0,0
11361,QUEENS,17.71253,asian,0,16.45202559,15.85335689,14.93157895,16.97461929,16.44936709,0,17.17307692,20.39473684,0,1,52.26666667
11362,QUEENS,17.85373,asian,0,12.46428571,19.84210526,16.94160584,15,15.94666667,0,0,12.42307692,11,19.77777778,0
11363,QUEENS,18.46734,asian,0,13.0212766,20.16304348,0,23.44444444,15.97222222,0,0,0,0,0,0
11364,QUEENS,16.19328,asian,0,13.46666667,17.57142857,14.24752475,14.98245614,15.10769231,0,9.5,11.30769231,8.875,0,0
11365,QUEENS,18.77656,american,0,18.46082949,18.46511628,16.05263158,15.42682927,15.04347826,18.8,0,17.55172414,21.82089552,12.5,0
11366,QUEENS,17.68787,american,0,14.73611111,19.74074074,13.40196078,20.55339806,15,0,0,10.48148148,0,0,0
11367,QUEENS,20.50065,american,0,22.60427807,20.06832298,14.85714286,13.01075269,17.77358491,12.88888889,0,20.97142857,13.43478261,7.555555556,0
11368,QUEENS,20.69275,latin,10,15.90032154,19.58038147,17.39862543,18.31680441,12.34375,21.02777778,13.38095238,20.89414414,22.3125,11.88888889,0
11369,QUEENS,16.58748,american,0,13.00911162,15.41975309,13.99159664,14.62337662,11.33333333,1.5,0,23.13986014,0,0,6.666666667
11370,QUEENS,18.04278,american,0,19.63461538,15.12903226,11.43333333,18.42857143,22.80487805,0,0,13.53333333,0,4,0
11371,QUEENS,12.54545,american,0,11.35294118,0,16.6,0,0,0,0,0,0,0,0
11372,QUEENS,21.02047,latin,0,17.48764045,21.31924198,17.41558442,15.64122137,14.71186441,29.41071429,24.47280335,19.79528082,28.33576642,10.5,11.29166667
11373,QUEENS,20.19884,asian,0,17.80776699,20.39937598,17.1239782,13.90909091,20.875,16.92857143,0,19.89481268,0,0.9,36.79104478
11374,QUEENS,18.07663,american,0,15.89719626,20.1341853,15.44217687,13.36666667,18.40123457,15.6122449,15.19298246,20.51149425,12.25,0,18.8
11375,QUEENS,17.21199,american,0,16.84923439,17.44539007,13.66243655,16.10491803,15.55470738,8,21.38709677,16.75847458,23,3.333333333,0
11377,QUEENS,19.41768,asian,0,15.84881603,24.93912063,12.32286996,14.73777778,17.20833333,13.82142857,20.79787234,17.32142857,0,11.2027027,15.38461538
11378,QUEENS,19.32041,american,0,16.80528053,16.55797101,19.21186441,24.83760684,16.02142857,0,8.2,18.44715447,0,9.6,0
11379,QUEENS,18.84965,american,0,14.22077922,13.92857143,14.57258065,17.37962963,22.25806452,19.7037037,26.66666667,29.5443038,0,11.60869565,0
11385,QUEENS,18.45341,american,0,17.80874317,18.18290258,13.08022388,17.8989547,17.31804281,13.44736842,33.72307692,19.09387755,23.94444444,10.79545455,0
11411,QUEENS,17.82043,latin,0,14.13333333,17,16.2037037,9.714285714,0,11.75,0,18.4973545,0,0,0
11412,QUEENS,18.17889,latin,0,15.69230769,12.73076923,3.333333333,19.24210526,2.5,22.42857143,0,19.09401709,0,22.78571429,11.86
11413,QUEENS,22.44173,latin,0,13.27160494,16.31578947,65.66666667,32.0326087,0,15,0,21.75527426,0,5.25,0
11414,QUEENS,16.56143,american,0,17.36315789,15.46808511,14.10084034,13.76315789,18.2037037,20.53846154,0,10,11.9375,6.307692308,17.71428571
11415,QUEENS,18.4,american,0,17.77777778,20.72222222,15.32307692,16.86486486,11.8,0,19.47619048,15.34210526,0,8,0
11416,QUEENS,22.64007,latin,0,19.15447154,15.25,14.77272727,22.07438017,13.5,10,33.56179775,25.67058824,0,7.375,0
11417,QUEENS,18.38462,american,0,15.56183746,13.87562189,14.85585586,16.58095238,17.0625,27.6,0,21.86363636,12.36363636,10.4,0
11418,QUEENS,20.53879,american,0,20.06585366,21.91237113,14.73856209,16.20754717,13.3030303,6.6,13.45205479,21.35934292,12.64285714,0,20
11419,QUEENS,20.99225,latin,0,14.12432432,18.70979021,17.42,11.875,13.71794872,24.5,26.49855908,19.87751371,0,0,0
11420,QUEENS,18.49031,american,0,16.80122324,15.92307692,17.13043478,20.64646465,21.57142857,11.47727273,21.11504425,18.49118388,0,0,0
11421,QUEENS,20.56477,latin,0,18.56481481,17.83615819,14.80769231,15.72357724,0,17.52173913,0,22.44406196,11.5,0,0
11422,QUEENS,18.51055,american,0,19.14146341,15.33333333,10.32258065,12.60869565,11.5,9.142857143,0,19.44680851,39.33333333,9,0
11423,QUEENS,19.3445,latin,0,19.93939394,15.82352941,13.83695652,15.16666667,0,0,0,19.51851852,0,35.53846154,0
11426,QUEENS,17.33333,american,0,12.55913978,16.69767442,15.34615385,15.90566038,10,16.07692308,22.59090909,0,16.75,0,0
11427,QUEENS,17.70221,comfort food,0,12.6875,17.67692308,16.76,17.2345679,15.33333333,0,20,22,0,0,0
11428,QUEENS,21.80699,latin,0,25.30232558,17.18947368,16.23595506,17.13793103,0,0,22.92307692,21.44494382,0,0,0
11429,QUEENS,18.71233,latin,0,13.54929577,17.15853659,11.39473684,6.846153846,0,0,0,22.12921348,0,0,0
11430,QUEENS,15.25714,american,0,15.00583431,11.44,12.22959184,14.55855856,16.35616438,11.29411765,0,21.56097561,12.90909091,12.77272727,15.4
11432,QUEENS,20.43475,american,0,21.27683616,15.78248588,14.46987952,20.07179487,9.6,11.875,20.67096774,21.96287129,13.36170213,4.263157895,14.4
11433,QUEENS,17.71182,american,0,16.33928571,16.44444444,12.93333333,11.82608696,0,10.8,0,19.06976744,0,0,0
11434,QUEENS,21.17148,latin,38.27027027,18.85616438,18.90291262,12.6969697,24.05376344,0,11,7,18.9622093,0,0,22.47368421
11435,QUEENS,19.04885,latin,31.03225806,16.38157895,16.59150327,19.73404255,21.85576923,12,17.45454545,28.48275862,18.32727273,25.35897436,11.54166667,0
11436,QUEENS,19.94909,american,0,17.92682927,17.72727273,16.26470588,15.6,0,0,28.36363636,26.275,0,13,0
11691,QUEENS,19.33333,latin,0,15.50909091,21.4260355,11.80645161,21.68243243,0,0,0,17.54028436,0,0,0
11692,QUEENS,15.83019,asian,0,12.41666667,18.19148936,10.41176471,18.66666667,0,3.25,0,6,0,0,0
11693,QUEENS,18.38609,american,0,14.41935484,23.26595745,10.81481481,19.92,17.51428571,6.857142857,0,14.36538462,0,0,0
11694,QUEENS,16.73597,american,0,12.49242424,21.50757576,10.97619048,20.80263158,16.57777778,0,0,12.03846154,0,0,0
11697,QUEENS,13.15385,american,0,12.21428571,0,0,0,0,0,0,0,0,0,0
12345,MANHATTAN,8.307692,american,0,8.307692308,0,0,0,0,0,0,0,0,0,0
